{"L": 6, "t": [-4.9213604165126075, 0.14792631861324507, 0.1707604245241491, 0.0, 0.0, 0.07075423777616792, 0.14792631861324473, -1.745976863336319, 0.048570054320858744, 0.0, 0.0, -0.3264845364210637, 0.17076042452414936, 0.04857005432085849, -1.1757051927264361, 0.0, 0.0, 0.03525706995147782, 0.0, 0.0, 0.0, -1.1981645481561318, 0.0, 0.0, 0.0, 0.0, 0.0, 0.0, -1.1981645481561318, 0.0, 0.0707542377761684, -0.3264845364210637, 0.03525706995147761, 0.0, 0.0, -0.9438209671436073], "v": [1.6454044291348835, -0.16278426023503373, -0.12588942945649087, 0.0, 0.0, -0.06905424120520282, -0.16278426023503376, 0.03169328463140089, 0.01365812943206344, 0.0, 0.0, 0.010987445281267962, -0.1258894294564908, 0.013658129432063423, 0.01945911352704526, 0.0, 0.0, 0.009185266349198163, 0.0, 0.0, 0.0, 0.009890824673541142, 0.0, 0.0, 0.0, 0.0, 0.0, 0.0, 0.009890824673541142, 0.0, -0.069054241205203, 0.010987445281267993, 0.009185266349198183, 0.0, 0.0, 0.007097740039801039, -0.16278426023503365, 0.03169328463140088, 0.013658129432063421, 0.0, 0.0, 0.010987445281267962, 0.4683749424730581, 0.014857939286601701, -0.02570630548978023, 0.0, 0.0, 0.0054238896778298785, 0.0019499146114318178, -0.0065416188641490985, 0.000620313440598882, 0.0, 0.0, -0.004112860235424586, 0.0, 0.0, 0.0, 0.008311547610648637, 0.0, 0.0, 0.0, 0.0, 0.0, 0.0, 0.008311547610648637, 0.0, 0.08876830569206723, 0.012547774868925957, -0.012961561164765401, 0.0, 0.0, 0.008411463629505163, -0.12588942945649065, 0.013658129432063399, 0.01945911352704524, 0.0, 0.0, 0.009185266349198161, 0.0019499146114318026, -0.006541618864149095, 0.000620313440598891, 0.0, 0.0, -0.00411286023542461, 0.39409244242224084, -0.016302317340708455, 0.0032578713431138167, 0.0, 0.0, -0.00032196684963606476, 0.0, 0.0, 0.0, 0.010249561157676373, 0.0, 0.0, 0.0, 0.0, 0.0, 0.0, 0.010249561157676373, 0.0, 0.021068201323055057, -0.010971051839235671, 0.005167776665950331, 0.0, 0.0, -0.001586795087036777, 0.0, 0.0, 0.0, 0.009890824673541144, 0.0, 0.0, 0.0, 0.0, 0.0, 0.008311547610648635, 0.0, 0.0, 0.0, 0.0, 0.0, 0.01024956115767637, 0.0, 0.0, 0.3960890288136372, -0.006004206392804663, -0.004381943726290561, 0.0, 0.0, -0.0032746098565514764, 0.0, 0.0, 0.0, 0.0, 0.0, 0.0, 0.0, 0.0, 0.0, -0.0036338759383171973, 0.0, 0.0, 0.0, 0.0, 0.0, 0.0, 0.009890824673541144, 0.0, 0.0, 0.0, 0.0, 0.0, 0.008311547610648635, 0.0, 0.0, 0.0, 0.0, 0.0, 0.01024956115767637, 0.0, 0.0, 0.0, 0.0, 0.0, 0.0, 0.0, 0.3960890288136372, -0.006004206392804663, -0.004381943726290561, 0.0, 0.0, -0.0032746098565514764, 0.0, 0.0, 0.0, 0.0, -0.0036338759383171973, 0.0, -0.06905424120520302, 0.010987445281268018, 0.009185266349198215, 0.0, 0.0, 0.007097740039801047, 0.08876830569206733, 0.012547774868925962, -0.01296156116476538, 0.0, 0.0, 0.008411463629505164, 0.02106820132305516, -0.01097105183923567, 0.005167776665950292, 0.0, 0.0, -0.0015867950870367294, 0.0, 0.0, 0.0, -0.0036338759383171995, 0.0, 0.0, 0.0, 0.0, 0.0, 0.0, -0.0036338759383171995, 0.0, 0.38377585257009794, 0.014864164632059156, -0.016123096880456645, 0.0, 0.0, 0.010076603522317928, -0.1627842602350337, 0.4683749424730582, 0.0019499146114318382, 0.0, 0.0, 0.08876830569206728, 0.031693284631400885, 0.014857939286601701, -0.006541618864149111, 0.0, 0.0, 0.012547774868926009, 0.013658129432063414, -0.02570630548978022, 0.0006203134405988715, 0.0, 0.0, -0.012961561164765375, 0.0, 0.0, 0.0, 0.008311547610648638, 0.0, 0.0, 0.0, 0.0, 0.0, 0.0, 0.008311547610648638, 0.0, 0.010987445281267988, 0.005423889677829839, -0.0041128602354246, 0.0, 0.0, 0.008411463629505171, 0.031693284631400864, 0.014857939286601701, -0.006541618864149101, 0.0, 0.0, 0.012547774868926019, 0.014857939286601715, 0.5242631614249756, -0.0388117945419993, 0.0, 0.0, 0.15993537424135976, -0.0065416188641491, -0.03881179454199921, 0.009465912593116422, 0.0, 0.0, -0.02894836883612011, 0.0, 0.0, 0.0, 0.02718210672970045, 0.0, 0.0, 0.0, 0.0, 0.0, 0.0, 0.02718210672970045, 0.0, 0.012547774868925983, 0.15993537424135978, -0.028948368836120043, 0.0, 0.0, 0.12241564567541165, 0.013658129432063395, -0.025706305489780205, 0.0006203134405988792, 0.0, 0.0, -0.012961561164765361, -0.0065416188641490855, -0.03881179454199925, 0.009465912593116415, 0.0, 0.0, -0.028948368836120165, -0.01630231734070845, 0.2466468798593239, -0.0013894120423509882, 0.0, 0.0, 0.015385905636960549, 0.0, 0.0, 0.0, 0.01955815485481613, 0.0, 0.0, 0.0, 0.0, 0.0, 0.0, 0.01955815485481613, 0.0, -0.010971051839235654, -0.04857828401653286, 0.004836763590797378, 0.0, 0.0, -0.028987901893321392, 0.0, 0.0, 0.0, 0.008311547610648635, 0.0, 0.0, 0.0, 0.0, 0.0, 0.027182106729700443, 0.0, 0.0, 0.0, 0.0, 0.0, 0.019558154854816122, 0.0, 0.0, -0.006004206392804653, 0.3004990773899023, 0.0008151106289761381, 0.0, 0.0, 0.022943366869367304, 0.0, 0.0, 0.0, 0.0, 0.0, 0.0, 0.0, 0.0, 0.0, -0.016126603936651714, 0.0, 0.0, 0.0, 0.0, 0.0, 0.0, 0.008311547610648635, 0.0, 0.0, 0.0, 0.0, 0.0, 0.027182106729700443, 0.0, 0.0, 0.0, 0.0, 0.0, 0.019558154854816122, 0.0, 0.0, 0.0, 0.0, 0.0, 0.0, 0.0, -0.006004206392804653, 0.3004990773899023, 0.0008151106289761381, 0.0, 0.0, 0.022943366869367304, 0.0, 0.0, 0.0, 0.0, -0.016126603936651714, 0.0, 0.010987445281268, 0.005423889677829812, -0.004112860235424605, 0.0, 0.0, 0.008411463629505164, 0.012547774868925991, 0.15993537424135973, -0.02894836883612012, 0.0, 0.0, 0.12241564567541126, -0.010971051839235673, -0.048578284016532795, 0.004836763590797437, 0.0, 0.0, -0.02898790189332116, 0.0, 0.0, 0.0, -0.016126603936651718, 0.0, 0.0, 0.0, 0.0, 0.0, 0.0, -0.016126603936651718, 0.0, 0.014864164632059241, 0.4593909486807387, -0.036131929049522116, 0.0, 0.0, 0.15572012297858936, -0.1258894294564909, 0.0019499146114318171, 0.39409244242224106, 0.0, 0.0, 0.021068201323054925, 0.013658129432063444, -0.0065416188641491055, -0.01630231734070849, 0.0, 0.0, -0.010971051839235583, 0.019459113527045255, 0.000620313440598882, 0.003257871343113801, 0.0, 0.0, 0.005167776665950374, 0.0, 0.0, 0.0, 0.010249561157676371, 0.0, 0.0, 0.0, 0.0, 0.0, 0.0, 0.010249561157676371, 0.0, 0.00918526634919821, -0.004112860235424609, -0.00032196684963610905, 0.0, 0.0, -0.0015867950870366982, 0.013658129432063425, -0.0065416188641490985, -0.01630231734070851, 0.0, 0.0, -0.01097105183923559, -0.025706305489780226, -0.0388117945419993, 0.24664687985932388, 0.0, 0.0, -0.04857828401653272, 0.0006203134405988867, 0.009465912593116434, -0.001389412042350974, 0.0, 0.0, 0.004836763590797468, 0.0, 0.0, 0.0, 0.01955815485481613, 0.0, 0.0, 0.0, 0.0, 0.0, 0.0, 0.01955815485481613, 0.0, -0.012961561164765382, -0.028948368836120036, 0.015385905636960504, 0.0, 0.0, -0.02898790189332112, 0.01945911352704524, 0.0006203134405988927, 0.0032578713431137916, 0.0, 0.0, 0.005167776665950368, 0.0006203134405988963, 0.009465912593116422, -0.0013894120423509507, 0.0, 0.0, 0.004836763590797485, 0.0032578713431138237, -0.0013894120423509847, 0.33900400978475614, 0.0, 0.0, 0.0363331044462551, 0.0, 0.0, 0.0, 0.042362374991034124, 0.0, 0.0, 0.0, 0.0, 0.0, 0.0, 0.042362374991034124, 0.0, 0.005167776665950315, 0.004836763590797328, 0.03633310444625508, 0.0, 0.0, 0.02693212312352114, 0.0, 0.0, 0.0, 0.010249561157676366, 0.0, 0.0, 0.0, 0.0, 0.0, 0.01955815485481612, 0.0, 0.0, 0.0, 0.0, 0.0, 0.04236237499103412, 0.0, 0.0, -0.00438194372629056, 0.0008151106289761083, 0.28275049409774095, 0.0, 0.0, -0.0004067264046355473, 0.0, 0.0, 0.0, 0.0, 0.0, 0.0, 0.0, 0.0, 0.0, -0.012199536057710214, 0.0, 0.0, 0.0, 0.0, 0.0, 0.0, 0.010249561157676366, 0.0, 0.0, 0.0, 0.0, 0.0, 0.01955815485481612, 0.0, 0.0, 0.0, 0.0, 0.0, 0.04236237499103412, 0.0, 0.0, 0.0, 0.0, 0.0, 0.0, 0.0, -0.00438194372629056, 0.0008151106289761083, 0.28275049409774095, 0.0, 0.0, -0.0004067264046355473, 0.0, 0.0, 0.0, 0.0, -0.012199536057710214, 0.0, 0.00918526634919822, -0.004112860235424621, -0.0003219668496361238, 0.0, 0.0, -0.0015867950870367084, -0.012961561164765378, -0.028948368836120085, 0.015385905636960481, 0.0, 0.0, -0.02898790189332102, 0.005167776665950281, 0.004836763590797392, 